,nombre,fecha_limite,enlaces
0,PROYECTO DE DISPOSICIONES PARA MODIFICAR LA CIRCULAR 8/2023,Cerrado el 15/11/2024,"{'Plan de consulta': 'https://www.banxico.org.mx/ConsultaRegulacionWeb/downloadFile?fileId={C9C2FA13-0C87-533B-D9F7-53573DD692EE}', 'Proyecto de disposiciones': 'https://www.banxico.org.mx/ConsultaRegulacionWeb/downloadFile?fileId={20947DA2-8A85-134D-E0B3-9BE72AA4C2C1}'}"
1,"PROYECTO DE DISPOSICIONES EN MATERIA DE OPERACIONES DE CAJA, CORRESPONSALÍA Y MANEJO DE PIEZAS PRESUNTAMENTE FALSAS O ALTERADAS",Cerrado el 15/11/2024,"{'Plan de consulta': 'https://www.banxico.org.mx/ConsultaRegulacionWeb/downloadFile?fileId={0FE5DD6A-8C80-AE39-D692-05D30F1B67F7}', 'Proyecto de disposiciones': 'https://www.banxico.org.mx/ConsultaRegulacionWeb/downloadFile?fileId={8893C3E1-E5EC-C257-04C8-347F673501F9}'}"
2,"SEGUNDO PROYECTO DE DISPOSICIONES PARA MODIFICAR LA CIRCULAR 3/2012, EN RELACIÓN CON EL USO DE PRESTACIONES LABORALES COMO RESPALDO DE SERVICIOS FINANCIEROS CONTRATADOS POR TRABAJADORES",Cerrado el 18/10/2024,"{'Plan de consulta': 'https://www.banxico.org.mx/ConsultaRegulacionWeb/downloadFile?fileId={DFE1A499-2527-5D7A-D247-FDD0006E56D2}', 'Proyecto de disposiciones': 'https://www.banxico.org.mx/ConsultaRegulacionWeb/downloadFile?fileId={00A21839-97BB-3C8D-8707-D2992BC36B79}'}"
3,"PROYECTO DE DISPOSICIONES PARA MODIFICAR LAS ?REGLAS PARA LA REALIZACIÓN DE OPERACIONES DERIVADAS?, EMITIDAS MEDIANTE LA CIRCULAR 4/2012, EN MATERIA DE FONDOS DE INVERSIÓN DE COBERTURA",Cerrado el 04/10/2024,"{'Plan de consulta': 'https://www.banxico.org.mx/ConsultaRegulacionWeb/downloadFile?fileId={9CCB6820-DC99-51F3-2F74-EEF1A456ABF2}', 'Proyecto de disposiciones': 'https://www.banxico.org.mx/ConsultaRegulacionWeb/downloadFile?fileId={A78257A7-C2A2-52E3-234C-6B35C168255C}'}"
4,"PROYECTO DE DISPOSICIONES PARA MODIFICAR LAS REGLAS DE PRÉSTAMO DE VALORES, CON OBJETO DE ESTABLECER REGLAS APLICABLES A LOS FONDOS DE INVERSIÓN DE COBERTURA",Cerrado el 02/10/2024,"{'Plan de consulta': 'https://www.banxico.org.mx/ConsultaRegulacionWeb/downloadFile?fileId={AE037935-B3FE-C1E5-11E7-D1D4F57FEE83}', 'Proyecto de disposiciones': 'https://www.banxico.org.mx/ConsultaRegulacionWeb/downloadFile?fileId={F172A5CA-582D-7661-FDEA-2828F224F5F4}'}"
5,"PROYECTO DE DISPOSICIONES PARA MODIFICAR LAS REGLAS DE REPORTOS, CON OBJETO DE ESTABLECER REGLAS APLICABLES A LOS FONDOS DE INVERSIÓN DE COBERTURA",Cerrado el 30/08/2024,"{'Plan de consulta': 'https://www.banxico.org.mx/ConsultaRegulacionWeb/downloadFile?fileId={99C2BFE9-EE49-E33F-0A4D-027D5554334E}', 'Proyecto de disposiciones': 'https://www.banxico.org.mx/ConsultaRegulacionWeb/downloadFile?fileId={3044F07C-C835-87A1-BB7A-EDCA04DAF1F1}'}"
6,"PROYECTO DE DISPOSICIONES PARA MODIFICAR LA CIRCULAR 4/2012, EN MATERIA DE INTERCAMBIO TRANSFRONTERIZO DE INFORMACIÓN DE OPERACIONES DERIVADAS",Cerrado el 04/06/2024,"{'Plan de consulta': 'https://www.banxico.org.mx/ConsultaRegulacionWeb/downloadFile?fileId={CEFF2819-2935-6D5D-5628-ABF053536029}', 'Proyecto de disposiciones': 'https://www.banxico.org.mx/ConsultaRegulacionWeb/downloadFile?fileId={2E9A98CA-C4E4-F3B6-4072-6A9A5B8DEBDB}'}"
7,"PROYECTO DE DISPOSICIONES PARA MODIFICAR LA CIRCULAR 9/2023 EN MATERIA DE OPERACIONES DE CAJA, SOBRE LA ACTUALIZACIÓN DE LOS FACTORES QUE SE UTILIZAN PARA CALCULAR LAS COMISIONES QUE PAGAN LOS USUARIOS POR EL SERVICIO DE CORRESPONSALÍA DE CAJA",Cerrado el 05/04/2024,"{'Plan de consulta': 'https://www.banxico.org.mx/ConsultaRegulacionWeb/downloadFile?fileId={8124BF50-52AF-A8F8-6712-ABAAF8B10AA6}', 'Proyecto de disposiciones': 'https://www.banxico.org.mx/ConsultaRegulacionWeb/downloadFile?fileId={BF8AF0B4-81E2-13D3-5468-9A61E4FC3806}'}"
8,"PROYECTO DE DISPOSICIONES PARA MODIFICAR LA CIRCULAR 7/2023 DEL BANCO DE MÉXICO, CON OBJETO DE ESTABLECER EXCEPCIONES A LAS RESTRICCIONES PARA EL USO DE LA TIIE DE 28 DÍAS COMO SUBYACENTE EN SWAPS QUE SE CELEBREN DURANTE 2025",Cerrado el 04/04/2024,"{'Plan de consulta': 'https://www.banxico.org.mx/ConsultaRegulacionWeb/downloadFile?fileId={D5DE92BB-498F-200B-094B-ABA0650FDC62}', 'Proyecto de disposiciones': 'https://www.banxico.org.mx/ConsultaRegulacionWeb/downloadFile?fileId={FEF16FC6-682E-1D46-4E22-8932000C641D}', 'Reporte de comentarios': 'https://www.banxico.org.mx/ConsultaRegulacionWeb/downloadFile?fileId={C66AA386-E54F-8EAD-2F75-7CA6F56966FD}'}"
9,"PROYECTO DE DISPOSICIONES PARA MODIFICAR LA CIRCULAR 3/2012, EN RELACIÓN CON EL USO DE REMUNERACIONES Y PRESTACIONES LABORALES COMO RESPALDO DE SERVICIOS FINANCIEROS CONTRATADOS POR TRABAJADORES",Cerrado el 19/01/2024,"{'Plan de consulta': 'https://www.banxico.org.mx/ConsultaRegulacionWeb/downloadFile?fileId={DA83C6E7-F755-C6BF-ACC9-F2BA39AC8BD0}', 'Proyecto de disposiciones': 'https://www.banxico.org.mx/ConsultaRegulacionWeb/downloadFile?fileId={1767512E-1D04-D324-4889-0A7AE4EE42FB}'}"
10,PROYECTO DE REGLAS APLICABLES A LA FACILIDAD PERMANENTE PARA EL EJERCICIO DEL FINANCIAMIENTO OTORGADO POR EL BANCO DE MÉXICO PARA CUBRIR NECESIDADES DE LIQUIDEZ,Cerrado el 15/12/2023,"{'Plan de consulta': 'https://www.banxico.org.mx/ConsultaRegulacionWeb/downloadFile?fileId={70FC8626-B144-088B-985D-BF7941AB1ACB}', 'Proyecto de disposiciones': 'https://www.banxico.org.mx/ConsultaRegulacionWeb/downloadFile?fileId={E1D70322-3074-33C1-6D2C-C9C62C5CE00B}', 'Reporte de comentarios': 'https://www.banxico.org.mx/ConsultaRegulacionWeb/downloadFile?fileId={D48722B1-CAB3-D3E7-FA1E-64A214EE2061}'}"
11,"CONSULTA PÚBLICA DEL PROYECTO DE DISPOSICIONES PARA MODIFICAR LAS REGLAS APLICABLES A LAS OPERACIONES DE REPORTO, EN MATERIA DE ESTÁNDARES INTERNACIONALES",Cerrado el 06/12/2023,"{'Plan de consulta': 'https://www.banxico.org.mx/ConsultaRegulacionWeb/downloadFile?fileId={4AABA8B8-6429-6544-E7FA-718DA5F4B49B}', 'Proyecto de disposiciones': 'https://www.banxico.org.mx/ConsultaRegulacionWeb/downloadFile?fileId={BE12EF72-7B95-2080-730F-E8CA60BA49B5}', 'Reporte de comentarios': 'https://www.banxico.org.mx/ConsultaRegulacionWeb/downloadFile?fileId={9ED458B1-8A00-9F0D-6D07-359E7FB24563}'}"
12,"PROYECTO DE DISPOSICIONES PARA MODIFICAR LA CIRCULAR 36/2010 DEL BANCO DE MÉXICO, PARA LA ADOPCIÓN OBLIGATORIA DEL CATÁLOGO DE CATEGORÍAS DE COMISIONES",Cerrado el 27/10/2023,"{'Plan de consulta': 'https://www.banxico.org.mx/ConsultaRegulacionWeb/downloadFile?fileId={D1F862A4-4D83-57C8-188D-9E7A27A890B3}', 'Proyecto de disposiciones': 'https://www.banxico.org.mx/ConsultaRegulacionWeb/downloadFile?fileId={AE541F39-D5E4-38BF-E01A-1363BB6BBC74}', 'Reporte de comentarios': 'https://www.banxico.org.mx/ConsultaRegulacionWeb/downloadFile?fileId={96AF2616-E27D-A194-CB87-23D153F9053B}'}"
13,"PROYECTO DE DISPOSICIONES PARA MODIFICAR LA CIRCULAR 3/2012 DEL BANCO DE MÉXICO, CON OBJETO DE ESTABLECER LA TIIE DE FONDEO COMPUESTA POR ADELANTADO A PLAZOS DE 28, 91 Y 182 DÍAS",Cerrado el 27/10/2023,"{'Plan de consulta': 'https://www.banxico.org.mx/ConsultaRegulacionWeb/downloadFile?fileId={19DB5D7C-8418-E500-0D7A-ACEE886690CD}', 'Proyecto de disposiciones': 'https://www.banxico.org.mx/ConsultaRegulacionWeb/downloadFile?fileId={81DC165B-4361-11D3-2A5A-290685EE6ED3}', 'Reporte de comentarios': 'https://www.banxico.org.mx/ConsultaRegulacionWeb/downloadFile?fileId={EB7A00D1-BE91-21F4-2A5A-D2E30FB34956}'}"
14,"PROYECTO DE DISPOSICIONES PARA MODIFICAR LA CIRCULAR 14/2007 DEL BANCO DE MÉXICO, CON OBJETO DE ESTABLECER LA TIIE DE FONDEO COMPUESTA POR ADELANTADO A PLAZOS DE 28, 91 Y 182 DÍAS",Cerrado el 27/10/2023,"{'Plan de consulta': 'https://www.banxico.org.mx/ConsultaRegulacionWeb/downloadFile?fileId={F16FD014-E0F6-FA56-3EE6-4DE0EA7F7426}', 'Proyecto de disposiciones': 'https://www.banxico.org.mx/ConsultaRegulacionWeb/downloadFile?fileId={6DCB3D82-10D1-716D-044A-6B2126151B1D}', 'Reporte de comentarios': 'https://www.banxico.org.mx/ConsultaRegulacionWeb/downloadFile?fileId={44DD9BB2-D161-061A-032D-A350568CDA9F}'}"
15,"CONSULTA PÚBLICA DEL PROYECTO DE DISPOSICIONES PARA MODIFICAR LAS REGLAS DEL SISTEMA DE PAGOS INTERBANCARIOS EN DÓLARES EMITIDAS MEDIANTE LA CIRCULAR 4/2016, EN MATERIA DE CIBERSEGURIDAD Y TECNOLOGÍAS DE LA INFORMACIÓN",Cerrado el 30/08/2023,"{'Plan de consulta': 'https://www.banxico.org.mx/ConsultaRegulacionWeb/downloadFile?fileId={64C3BC87-CEA9-DC08-6F20-491276A22941}', 'Proyecto de disposiciones': 'https://www.banxico.org.mx/ConsultaRegulacionWeb/downloadFile?fileId={82673672-3762-5D62-75F0-CDF9B232F21F}', 'Reporte de comentarios': 'https://www.banxico.org.mx/ConsultaRegulacionWeb/downloadFile?fileId={0F6D5336-BB35-35FD-9178-C674F829CECE}'}"
16,"CONSULTA PÚBLICA DEL PROYECTO DE DISPOSICIONES PARA MODIFICAR LAS REGLAS DEL SISTEMA DE PAGOS ELECTRÓNICOS INTERBANCARIOS, EMITIDAS MEDIANTE LA CIRCULAR 14/2017, EN MATERIA DE CIBERSEGURIDAD Y TECNOLOGÍAS DE LA INFORMACIÓN",Cerrado el 30/08/2023,"{'Plan de consulta': 'https://www.banxico.org.mx/ConsultaRegulacionWeb/downloadFile?fileId={B33D4539-C746-FE7A-CCFA-BBE5B641A706}', 'Proyecto de disposiciones': 'https://www.banxico.org.mx/ConsultaRegulacionWeb/downloadFile?fileId={FFB0676F-2752-6906-1018-370DC260C93B}', 'Reporte de comentarios': 'https://www.banxico.org.mx/ConsultaRegulacionWeb/downloadFile?fileId={83B3247B-0450-CBE2-72DF-A7DFE41CA759}'}"
17,"CONSULTA PÚBLICA DEL PROYECTO DE DISPOSICIONES PARA MODIFICAR LA CIRCULAR 4/2012, EN MATERIA DE REQUERIMIENTOS PARA LA CELEBRACIÓN DE OPERACIONES DERIVADAS",Cerrado el 30/08/2023,"{'Plan de consulta': 'https://www.banxico.org.mx/ConsultaRegulacionWeb/downloadFile?fileId={A216E822-FAE9-CFA3-17FE-255C7701655E}', 'Proyecto de disposiciones': 'https://www.banxico.org.mx/ConsultaRegulacionWeb/downloadFile?fileId={DBFDC9E0-02A1-4DCC-534D-C3AE7DAA65E1}', 'Reporte de comentarios': 'https://www.banxico.org.mx/ConsultaRegulacionWeb/downloadFile?fileId={45846757-F7EA-E445-DEC2-32CE1E338C77}'}"
18,PROYECTO DE MODIFICACIONES A LA CIRCULAR DE OPERACIONES DE CAJA SOBRE LA ACTUALIZACIÓN DE COMISIONES QUE PAGAN LOS USUARIOS POR EL SERVICIO DE CORRESPONSALÍA DE CAJA Y ACTUALIZACIÓN DE PLAZAS A LA PAR,Cerrado el 31/07/2023,"{'Plan de consulta': 'https://www.banxico.org.mx/ConsultaRegulacionWeb/downloadFile?fileId={2D95FD2F-C750-C322-5D72-9A4297513942}', 'Proyecto de disposiciones': 'https://www.banxico.org.mx/ConsultaRegulacionWeb/downloadFile?fileId={3B6BDD6F-7244-23D3-0DEF-3E3A4016AED9}'}"
19,"PROYECTO DE DISPOSICIONES PARA MODIFICAR LA CIRCULAR 4/2012 DEL BANCO DE MÉXICO, CON OBJETO DE ESTABLECER LAS FECHAS A PARTIR DE LAS CUALES SE RESTRINGIRÁ EL USO DE LAS TIIE A PLAZOS MAYORES A UN DÍA HÁBIL BANCARIO COMO REFERENCIA PARA NUEVAS OPERACIONES",Cerrado el 29/06/2023,"{'Plan de consulta': 'https://www.banxico.org.mx/ConsultaRegulacionWeb/downloadFile?fileId={8B817EDA-B44E-80F8-2781-42EFD107D0F2}', 'Proyecto de disposiciones': 'https://www.banxico.org.mx/ConsultaRegulacionWeb/downloadFile?fileId={B1570E5B-3832-B595-B89E-44A7EA3E0FB8}', 'Reporte de comentarios': 'https://www.banxico.org.mx/ConsultaRegulacionWeb/downloadFile?fileId={CEB14BCA-7B4B-7D0E-E782-EF83FF20D600}'}"
20,"PROYECTO DE DISPOSICIONES DE CARÁCTER GENERAL PARA DETERMINAR LOS MEDIOS PARA DAR A CONOCER LAS CIRCULARES QUE EL BANCO DE MÉXICO EMITA EN MATERIA DE ALMACENAMIENTO, ABASTECIMIENTO, CANJE, ENTREGA, RETIRO, REPRODUCCIÓN Y DESTRUCCIÓN DE BILLETES Y MONEDAS",Cerrado el 29/06/2023,"{'Plan de consulta': 'https://www.banxico.org.mx/ConsultaRegulacionWeb/downloadFile?fileId={AB0F6D04-37CF-DC66-06BB-35B03974C77F}', 'Proyecto de disposiciones': 'https://www.banxico.org.mx/ConsultaRegulacionWeb/downloadFile?fileId={9EC35EA0-30F3-CAB0-56AB-7A50CC1B1FFA}', 'Reporte de comentarios': 'https://www.banxico.org.mx/ConsultaRegulacionWeb/downloadFile?fileId={B70769FD-2503-3542-E9AE-B674CF1E3C78}'}"
21,"PROYECTO DE DISPOSICIONES PARA MODIFICAR LA CIRCULAR 14/2007, CON OBJETO DE ESTABLECER LAS FECHAS A PARTIR DE LAS CUALES SE RESTRINGIRÁ EL USO DE LAS TIIE A PLAZOS MAYORES A UN DÍA HÁBIL BANCARIO",Cerrado el 30/01/2023,"{'Plan de consulta': 'https://www.banxico.org.mx/ConsultaRegulacionWeb/downloadFile?fileId={B563BD36-00EE-6D06-F9B3-F90425D5437A}', 'Proyecto de disposiciones': 'https://www.banxico.org.mx/ConsultaRegulacionWeb/downloadFile?fileId={FDD36706-A7BE-B222-352E-FCAE88832774}', 'Reporte de comentarios': 'https://www.banxico.org.mx/ConsultaRegulacionWeb/downloadFile?fileId={B079315C-9BF1-C2C3-E307-C6C1A2BD700A}'}"
22,"PROYECTO DE DISPOSICIONES PARA MODIFICAR LA CIRCULAR 3/2012, CON OBJETO DE ESTABLECER LAS FECHAS A PARTIR DE LAS CUALES SE RESTRINGIRÁ EL USO DE LAS TIIE A PLAZOS MAYORES A UN DÍA HÁBIL BANCARIO, ASÍ COMO MODIFICAR LA METODOLOGÍA PARA SU CÁLCULO",Cerrado el 30/01/2023,"{'Plan de consulta': 'https://www.banxico.org.mx/ConsultaRegulacionWeb/downloadFile?fileId={A8070C0C-8FC4-723A-5965-70856031B8F1}', 'Proyecto de disposiciones': 'https://www.banxico.org.mx/ConsultaRegulacionWeb/downloadFile?fileId={D6D3D768-C8D9-A156-4936-85D07EBB5161}', 'Reporte de comentarios': 'https://www.banxico.org.mx/ConsultaRegulacionWeb/downloadFile?fileId={4222B271-688B-03AD-0B47-2FB2A4194433}'}"
23,"PROYECTO DE MODIFICACIONES A LA CIRCULAR 13/2012, EN MATERIA DE OPERADORES PARA EL SISTEMA DE REGISTRO DE COMISIONES",Cerrado el 26/12/2022,"{'Plan de consulta': 'https://www.banxico.org.mx/ConsultaRegulacionWeb/downloadFile?fileId={3C1678E8-B2D9-279B-7FC8-CB66E23F5C78}', 'Proyecto de disposiciones': 'https://www.banxico.org.mx/ConsultaRegulacionWeb/downloadFile?fileId={3213C937-9EE3-0403-8C2B-4356D7DFF283}'}"
24,"PROYECTO DE MODIFICACIONES A LAS REGLAS PARA LA REALIZACIÓN DE OPERACIONES DERIVADAS, CONTENIDAS EN LA CIRCULAR 4/2012 DEL BANCO DE MÉXICO, EN MATERIA DE DERIVADOS DE CRÉDITO",Cerrado el 07/10/2022,"{'Plan de consulta': 'https://www.banxico.org.mx/ConsultaRegulacionWeb/downloadFile?fileId={1A928957-2409-4D23-835F-E4E2B7B2F0B5}', 'Proyecto de disposiciones': 'https://www.banxico.org.mx/ConsultaRegulacionWeb/downloadFile?fileId={7894A454-62CE-2244-DAC3-F30C00EADAF8}'}"
25,PROYECTO DE MODIFICACIONES A LAS REGLAS A LAS QUE DEBERÁN SUJETARSE LAS ENTIDADES FINANCIERAS EN SUS OPERACIONES DE REPORTO,Cerrado el 15/09/2022,"{'Plan de consulta': 'https://www.banxico.org.mx/ConsultaRegulacionWeb/downloadFile?fileId={6E93C39F-D91B-9F1C-2D50-0BB264826365}', 'Proyecto de disposiciones': 'https://www.banxico.org.mx/ConsultaRegulacionWeb/downloadFile?fileId={DC6DD7BA-FD2F-6951-3155-59C7D28E3BC9}'}"
26,PROYECTO DE DISPOSICIONES SOBRE LAS REGLAS APLICABLES AL IDENTIFICADOR ÚNICO DE TRANSACCIÓN (UTI) Y AL IDENTIFICADOR ÚNICO DE PRODUCTO (UPI) EN OPERACIONES DERIVADAS Y LAS MODIFICACIONES A LAS REGLAS PARA LA REALIZACIÓN DE OPERACIONES DERIVADAS,Cerrado el 02/08/2022,"{'Plan de consulta': 'https://www.banxico.org.mx/ConsultaRegulacionWeb/downloadFile?fileId={A391197B-2C42-FD15-D604-E39D9349F917}', 'Proyecto de disposiciones': 'https://www.banxico.org.mx/ConsultaRegulacionWeb/downloadFile?fileId={599F1356-8A58-058A-B765-E9520E576A42}'}"
27,PROYECTO DE DISPOSICIONES SOBRE LAS REGLAS APLICABLES AL IDENTIFICADOR ÚNICO DE TRANSACCIÓN (UTI) Y AL IDENTIFICADOR ÚNICO DE PRODUCTO (UPI) EN OPERACIONES DERIVADAS Y LAS MODIFICACIONES A LAS REGLAS PARA LA REALIZACIÓN DE OPERACIONES DERIVADAS,Cerrado el 02/08/2022,"{'Plan de consulta': 'https://www.banxico.org.mx/ConsultaRegulacionWeb/downloadFile?fileId={5D0ABA6C-D01B-FC06-8AD5-185519AEF91D}', 'Proyecto de disposiciones': 'https://www.banxico.org.mx/ConsultaRegulacionWeb/downloadFile?fileId={D1BC8F7A-6678-86DC-B64F-9CBD4EF04332}'}"
28,"PROYECTO DE MODIFICACIONES A LAS REGLAS GENERALES CONTENIDAS EN LA CIRCULAR 27/2008 DEL BANCO DE MÉXICO, EN MATERIA DE PLATAFORMAS DE OFRECIMIENTO DE CRÉDITO ADMINISTRADAS POR EL BANCO DE MÉXICO",Cerrado el 21/06/2022,"{'Plan de consulta': 'https://www.banxico.org.mx/ConsultaRegulacionWeb/downloadFile?fileId={9D794165-6429-B7F8-87D2-498BE3A99BF8}', 'Proyecto de disposiciones': 'https://www.banxico.org.mx/ConsultaRegulacionWeb/downloadFile?fileId={325503E1-23AE-DDA6-8E9D-BD38F49EFC0D}'}"
29,"NOTA CONCEPTUAL RELATIVA AL CATÁLOGO DE CATEGORÍAS DE COMISIONES A QUE SE REFIERE EL NUMERAL 2.1.3., FRACCIÓN I, DE LAS DISPOSICIONES DE CARÁCTER GENERAL EN MATERIA DE REGISTRO DE COMISIONES",Cerrado el 21/06/2022,"{'Plan de consulta': 'https://www.banxico.org.mx/ConsultaRegulacionWeb/downloadFile?fileId={8AEB615B-D9A5-B8FD-2C89-7AF370FCEA85}', 'Nota conceptual': 'https://www.banxico.org.mx/ConsultaRegulacionWeb/downloadFile?fileId={944F0EEB-0A2A-995F-029C-9E6BF5EDE068}'}"
30,CONSULTA PÚBLICA SOBRE DIVERSAS REGLAS Y DISPOSICIONES ESPECÍFICAS EMITIDAS MEDIANTE LA CIRCULAR 4/2022,Cerrado el 22/04/2022,"{'Plan de consulta': 'https://www.banxico.org.mx/ConsultaRegulacionWeb/downloadFile?fileId={0ACF750B-DFE3-E418-9E42-1B67755995B3}', 'Proyecto de disposiciones': 'https://www.banxico.org.mx/ConsultaRegulacionWeb/downloadFile?fileId={052ACB8E-425A-0DC6-F3CA-B808494DD1FA}'}"
31,CONSULTA PÚBLICA SOBRE DIVERSAS REGLAS Y DISPOSICIONES ESPECÍFICAS EMITIDAS MEDIANTE LA CIRCULAR 3/2022,Cerrado el 22/04/2022,"{'Plan de consulta': 'https://www.banxico.org.mx/ConsultaRegulacionWeb/downloadFile?fileId={84B91F4E-3842-C008-379D-6A021091B44D}', 'Proyecto de disposiciones': 'https://www.banxico.org.mx/ConsultaRegulacionWeb/downloadFile?fileId={C2173FC7-A057-8DEA-CFD6-CA6065616DDF}'}"
32,CONSULTA PÚBLICA SOBRE DIVERSAS REGLAS Y DISPOSICIONES ESPECÍFICAS EMITIDAS MEDIANTE LA CIRCULAR 1/2022,Cerrado el 22/04/2022,"{'Plan de consulta': 'https://www.banxico.org.mx/ConsultaRegulacionWeb/downloadFile?fileId={CB46BB30-B81A-4897-64CE-0F86D8EF97A5}', 'Proyecto de disposiciones': 'https://www.banxico.org.mx/ConsultaRegulacionWeb/downloadFile?fileId={521876C6-C709-1DFC-63F0-23BEE1A70CB1}'}"
33,"PROYECTO DE MODIFICACIONES A LA CIRCULAR DE OPERACIONES DE CAJA, RESPECTO DE LA REGULACIÓN APLICABLE A LAS INSTITUCIONES DE CRÉDITO PARA LA OPERACIÓN DE CAJEROS AUTOMÁTICOS ACEPTADORES Y DISPENSADORES DE BILLETES",Cerrado el 07/01/2022,"{'Plan de consulta': 'https://www.banxico.org.mx/ConsultaRegulacionWeb/downloadFile?fileId={6B1FCFF4-8FDA-3E1A-327A-E24F1ABD86E1}', 'Proyecto de disposiciones': 'https://www.banxico.org.mx/ConsultaRegulacionWeb/downloadFile?fileId={35460AD3-CB76-A791-7926-1DD18F9F06C4}'}"
34,"PROYECTOS DE MODIFICACIONES A LAS CIRCULARES 14/2007 Y 3/2012, EN MATERIA DE TASAS DE REFERENCIA EXTERNAS",Cerrado el 21/10/2021,"{'Plan de consulta': 'https://www.banxico.org.mx/ConsultaRegulacionWeb/downloadFile?fileId={6A921AEB-840F-965E-34F6-A5D9F21625F7}', 'Proyecto de disposiciones': 'https://www.banxico.org.mx/ConsultaRegulacionWeb/downloadFile?fileId={044B5F76-13A1-6C8F-34F1-481FFACC278D}'}"
35,"PROYECTOS DE MODIFICACIONES A LAS CIRCULARES 14/2007 Y 3/2012, EN MATERIA DE TASAS DE REFERENCIA EXTERNAS",Cerrado el 21/10/2021,"{'Plan de consulta': 'https://www.banxico.org.mx/ConsultaRegulacionWeb/downloadFile?fileId={6A921AEB-840F-965E-34F6-A5D9F21625F7}', 'Proyecto de disposiciones': 'https://www.banxico.org.mx/ConsultaRegulacionWeb/downloadFile?fileId={9C711D31-6C61-026B-DA96-91A761CE3AC9}'}"
36,"PROYECTO DE MODIFICACIONES A LAS REGLAS DEL MÓDULO DE ATENCIÓN ELECTRÓNICA, EN MATERIA DE ENTIDADES PARTICIPANTES EN DICHO MÓDULO",Cerrado el 06/09/2021,"{'Plan de consulta': 'https://www.banxico.org.mx/ConsultaRegulacionWeb/downloadFile?fileId={925A8BD9-4279-CEFE-579C-9032CBE6CCC7}', 'Proyecto de disposiciones': 'https://www.banxico.org.mx/ConsultaRegulacionWeb/downloadFile?fileId={EFB00D9E-8EA9-49DB-1CDE-319D4E1FCAFB}'}"
37,"PROYECTO DE MODIFICACIONES A LA CIRCULAR DE OPERACIONES DE CAJA, EN MATERIA DE INVENTARIOS DE MONEDAS METÁLICAS DE LAS INSTITUCIONES DE CRÉDITO",Cerrado el 05/08/2021,"{'Plan de consulta': 'https://www.banxico.org.mx/ConsultaRegulacionWeb/downloadFile?fileId={A12EFDD9-8D75-FA1D-C2C6-74FD2021FBF6}', 'Proyecto de disposiciones': 'https://www.banxico.org.mx/ConsultaRegulacionWeb/downloadFile?fileId={B4A7AEE5-6DCA-AA94-989E-1D5FE390A464}', 'Reporte de comentarios': 'https://www.banxico.org.mx/ConsultaRegulacionWeb/downloadFile?fileId={ADC394D7-D89F-F8D4-C3A6-B92836FF3B65}'}"
38,"PROYECTO DE MODIFICACIONES A LA CIRCULAR 3/2017, RELATIVA A LAS REGLAS PARA LAS SUBASTAS DE COBERTURAS CAMBIARIAS",Cerrado el 18/06/2021,"{'Plan de consulta': 'https://www.banxico.org.mx/ConsultaRegulacionWeb/downloadFile?fileId={B10D16F8-C964-E441-606F-80841E676122}', 'Proyecto de disposiciones': 'https://www.banxico.org.mx/ConsultaRegulacionWeb/downloadFile?fileId={0B47E232-B051-9104-25F1-DA478166AEE6}'}"
39,"PROYECTO DE MODIFICACIONES A LA CIRCULAR 3/2012, EN MATERIA DE CUENTAS DE DEPÓSITO A LA VISTA DE PERSONAS FÍSICAS MEXICANAS RESIDENTES EN EL EXTERIOR Y TARJETAS BANCARIAS PREPAGADAS DENOMINADAS EN MONEDA NACIONAL",Cerrado el 12/04/2021,"{'Plan de consulta': 'https://www.banxico.org.mx/ConsultaRegulacionWeb/downloadFile?fileId={292B736F-E181-673C-21BC-F2B284743B50}', 'Proyecto de disposiciones': 'https://www.banxico.org.mx/ConsultaRegulacionWeb/downloadFile?fileId={C1F54D19-E58D-5DDD-C479-0861095A2606}'}"
40,PROYECTO DE REGLAS APLICABLES A LOS FINANCIAMIENTOS CONTINGENTES DEL BANCO DE MÉXICO GARANTIZADOS CON DÓLARES DE LOS EE.UU.A. O VALORES GUBERNAMENTALES,Cerrado el 12/04/2021,"{'Plan de consulta': 'https://www.banxico.org.mx/ConsultaRegulacionWeb/downloadFile?fileId={D1B06295-725C-B2B9-CC0C-DBE567475E3E}', 'Proyecto de disposiciones': 'https://www.banxico.org.mx/ConsultaRegulacionWeb/downloadFile?fileId={3E3FBF7C-D098-AA98-1584-209CCF002515}'}"
41,PROYECTO DE DISPOSICIONES DE CARÁCTER GENERAL PARA EL MANTENIMIENTO DE DIVISAS Y OPERACIONES CON ESTAS DE LAS DEPENDENCIAS Y ENTIDADES DE LA ADMINISTRACIÓN PÚBLICA FEDERAL QUE NO TENGAN EL CARÁCTER DE INTERMEDIARIOS FINANCIEROS,Cerrado el 12/04/2021,"{'Plan de consulta': 'https://www.banxico.org.mx/ConsultaRegulacionWeb/downloadFile?fileId={23BFD288-47E7-F703-8624-A70FF878F721}', 'Proyecto de disposiciones': 'https://www.banxico.org.mx/ConsultaRegulacionWeb/downloadFile?fileId={EC9217F5-A860-9496-1B43-06C9971506DE}'}"
42,"PROYECTOS DE DISPOSICIONES PARA MODIFICAR LAS CIRCULARES 14/2017, 3/2012, 4/2016 Y 13/2017, CON EL OBJETIVO DE IMPLEMENTAR EL ESQUEMA DE SPEI AMPLIADO, REGULAR LA PARTICIPACIÓN INDIRECTA EN EL SPEI, ASÍ COMO CAMBIOS MISCELÁNEOS EN EL SPEI Y EN EL SPID",Cerrado el 04/12/2020,"{'Plan de consulta': 'https://www.banxico.org.mx/ConsultaRegulacionWeb/downloadFile?fileId={2E26DF52-E702-3F53-3736-F05A3F8C186B}', 'Proyecto de disposiciones': 'https://www.banxico.org.mx/ConsultaRegulacionWeb/downloadFile?fileId={092F137B-A211-74F2-D34E-478D502EF50A}'}"
43,"PROYECTO DE MODIFICACIONES A LA CIRCULAR 3/2012, EN MATERIA DE REGÍMENES DE ADMISIÓN DE PASIVOS Y DE INVERSIÓN PARA LAS OPERACIONES PASIVAS EN MONEDA EXTRANJERA",Cerrado el 30/07/2020,"{'Plan de consulta': 'https://www.banxico.org.mx/ConsultaRegulacionWeb/downloadFile?fileId={E53F2D7F-15DB-4589-CA22-2BA7867DA908}', 'Proyecto de disposiciones': 'https://www.banxico.org.mx/ConsultaRegulacionWeb/downloadFile?fileId={6F73FED9-6D26-9885-FE88-75372C7D3440}'}"
44,PROYECTO DE DISPOSICIONES DE CARÁCTER GENERAL APLICABLES A LA EMISIÓN ELECTRÓNICA DE TÍTULOS,Cerrado el 15/06/2020,"{'Plan de consulta': 'https://www.banxico.org.mx/ConsultaRegulacionWeb/downloadFile?fileId={A72BAD11-5489-5F4F-7171-5F39575AE403}', 'Proyecto de disposiciones': 'https://www.banxico.org.mx/ConsultaRegulacionWeb/downloadFile?fileId={EA7EA8BA-16A4-F9A5-F319-A720FB0C5BDD}'}"
45,PROYECTO DE DISPOSICIONES EN MATERIA DE CUENTAS DE DEPÓSITOS PARA MENORES DE EDAD Y MONTOS MÁXIMOS PROVISIONALES PARA CUENTAS NIVEL 2,Cerrado el 21/05/2020,"{'Plan de consulta': 'https://www.banxico.org.mx/ConsultaRegulacionWeb/downloadFile?fileId={EED65C5C-EA44-ACB2-5898-6407851153EB}', 'Proyecto de disposiciones': 'https://www.banxico.org.mx/ConsultaRegulacionWeb/downloadFile?fileId={972F05D4-E660-13FD-260F-EA1BA86CEBAE}'}"
46,NOTA CONCEPTUAL RELATIVA A LA PROPUESTA REGULACIÓN APLICABLE A INSTITUCIONES DE CRÉDITO PARA LA OPERACIÓN DE CAJEROS AUTOMÁTICOS ACEPTADORES Y DISPENSADORES DE BILLETES,Cerrado el 06/04/2020,"{'Plan de consulta': 'https://www.banxico.org.mx/ConsultaRegulacionWeb/downloadFile?fileId={97401BAD-9B4A-6917-B0CE-698EA88BFF6F}', 'Nota conceptual': 'https://www.banxico.org.mx/ConsultaRegulacionWeb/downloadFile?fileId={4B5F06EF-3022-5F08-9742-1B77155086A1}', 'Reporte de comentarios': 'https://www.banxico.org.mx/ConsultaRegulacionWeb/downloadFile?fileId={B9E04C3B-013B-DC91-C08F-769B45C5C81F}'}"
47,Consulta pública sobre la nota conceptual relativa a la propuesta de disposiciones de carácter general a que se refiere el artículo 76 de la Ley para Regular las Instituciones de Tecnología Financiera,Cerrado el 01/03/2020,"{'Plan de consulta': 'https://www.banxico.org.mx/ConsultaRegulacionWeb/downloadFile?fileId={E8403D45-3824-9952-C5CB-A60784348DEF}', 'Nota conceptual': 'https://www.banxico.org.mx/ConsultaRegulacionWeb/downloadFile?fileId={4086D357-972A-4B0E-CDB7-34859FAB171D}'}"
48,"PROYECTO DE MODIFICACIONES A LAS DISPOSICIONES DE CARÁCTER GENERAL EN MATERIA DE REGISTRO DE COMISIONES Y A LAS REGLAS DEL MÓDULO DE ATENCIÓN ELECTRÓNICA, EN MATERIA DE REGISTRO DE COMISIONES",Cerrado el 06/02/2020,"{'Plan de consulta': 'https://www.banxico.org.mx/ConsultaRegulacionWeb/downloadFile?fileId={39FB8E47-715A-5650-A0A1-3B012E2C8C79}', 'Proyecto de disposiciones': 'https://www.banxico.org.mx/ConsultaRegulacionWeb/downloadFile?fileId={525E9E6C-23BA-3142-191C-A58EED719343}'}"
49,"PROYECTO DE DISPOSICIONES QUE MODIFICA LAS CIRCULARES 3/2012, 34/2010 Y 22/2008, EN LO CONCERNIENTE AL USO DE REMUNERACIONES Y PRESTACIONES LABORALES COMO RESPALDO DE SERVICIOS FINANCIEROS CONTRATADOS POR TRABAJADORES",Cerrado el 19/12/2019,"{'Plan de consulta': 'https://www.banxico.org.mx/ConsultaRegulacionWeb/downloadFile?fileId={2D56ABCB-4F30-8E55-205E-92915123C475}', 'Proyecto de disposiciones': 'https://www.banxico.org.mx/ConsultaRegulacionWeb/downloadFile?fileId={85B41557-8716-B255-CFCD-C30989EB5DE0}'}"
50,PROYECTO DE MODIFICACIONES A LA CIRCULAR 3/2012 EN MATERIA DE TASAS DE REFERENCIA,Cerrado el 15/11/2019,"{'Plan de consulta': 'https://www.banxico.org.mx/ConsultaRegulacionWeb/downloadFile?fileId={FD30508A-5E4A-59A8-CAAF-AB2C37AA6856}', 'Proyecto de disposiciones': 'https://www.banxico.org.mx/ConsultaRegulacionWeb/downloadFile?fileId={63DD2426-3F34-B906-1101-5B529348B839}', 'Reporte de comentarios': 'https://www.banxico.org.mx/ConsultaRegulacionWeb/downloadFile?fileId={642340DC-EE5A-7796-2F30-976A3AAC0DEE}'}"
51,PROYECTO DE MODIFICACIONES A LAS DISPOSICIONES DE CARÁCTER GENERAL APLICABLES A LA INFORMACIÓN QUE LAS ENTIDADES FINANCIERAS DEBEN PROPORCIONAR A LAS SOCIEDADES DE INFORMACIÓN CREDITICIA,Cerrado el 09/08/2019,"{'Plan de consulta': 'https://www.banxico.org.mx/ConsultaRegulacionWeb/downloadFile?fileId={29F40D9D-3FC0-9683-16B5-1A7656E7C27E}', 'Proyecto de disposiciones': 'https://www.banxico.org.mx/ConsultaRegulacionWeb/downloadFile?fileId={1AE9D8FD-9868-23CE-9C0F-DF8B08EA4E4A}'}"
52,PROYECTO DE MODIFICACIONES A LAS REGLAS GENERALES A LAS QUE DEBERÁN SUJETARSE LAS OPERACIONES Y ACTIVIDADES DE LAS SOCIEDADES DE INFORMACIÓN CREDITICIA Y SUS USUARIOS,Cerrado el 09/08/2019,"{'Plan de consulta': 'https://www.banxico.org.mx/ConsultaRegulacionWeb/downloadFile?fileId={6A258FB1-B0D6-E8E5-CD58-8807BF5C8B3B}', 'Proyecto de disposiciones': 'https://www.banxico.org.mx/ConsultaRegulacionWeb/downloadFile?fileId={CB729F10-BC43-5716-7101-3B7A6D9B6E41}'}"
53,PROYECTO DE DISPOSICIONES QUE MODIFICAN LA CIRCULAR 4/2012 EN MATERIA DE REQUERIMIENTOS DE MÁRGENES INICIALES Y DE VARIACIÓN PARA OPERACIONES DERIVADAS SIN COMPENSACIÓN Y LIQUIDACIÓN CENTRALIZADA,Cerrado el 28/06/2019,"{'Plan de consulta': 'https://www.banxico.org.mx/ConsultaRegulacionWeb/downloadFile?fileId={071CD3DF-6293-B945-ED76-CB400D02CA70}', 'Proyecto de disposiciones': 'https://www.banxico.org.mx/ConsultaRegulacionWeb/downloadFile?fileId={8B55F6F6-7663-25B8-7BE7-A0F5C5BD364A}'}"
54,PROYECTO DE DISPOSICIONES QUE MODIFICA LAS REGLAS APLICABLES A LAS OPERACIONES DE REPORTO,Cerrado el 28/06/2019,"{'Plan de consulta': 'https://www.banxico.org.mx/ConsultaRegulacionWeb/downloadFile?fileId={2B5C3AE7-3531-B73E-2F2B-9B5FE0F853F5}', 'Proyecto de disposiciones': 'https://www.banxico.org.mx/ConsultaRegulacionWeb/downloadFile?fileId={79A7B37C-F790-1755-2FAF-6293E2547300}'}"
55,PROYECTO DE DISPOSICIONES QUE MODIFICA LAS REGLAS APLICABLES A LAS OPERACIONES DE PRÉSTAMO DE VALORES,Cerrado el 28/06/2019,"{'Plan de consulta': 'https://www.banxico.org.mx/ConsultaRegulacionWeb/downloadFile?fileId={7160A275-6E8B-9C60-D4CF-E83BE1465C48}', 'Proyecto de disposiciones': 'https://www.banxico.org.mx/ConsultaRegulacionWeb/downloadFile?fileId={98798AFF-A740-7649-C700-3C702D389663}'}"
56,DISPOSICIONES DE CARÁCTER GENERAL APLICABLES A LAS INSTITUCIONES DE FINANCIAMIENTO COLECTIVO EN LAS OPERACIONES QUE REALICEN EN MONEDA EXTRANJERA Y LOS REPORTES DE INFORMACIÓN AL BANCO DE MÉXICO,Cerrado el 05/06/2019,"{'Plan de consulta': 'https://www.banxico.org.mx/ConsultaRegulacionWeb/downloadFile?fileId={B52FC73F-52A6-4406-917E-6B7D62C90DFB}', 'Proyecto de disposiciones': 'https://www.banxico.org.mx/ConsultaRegulacionWeb/downloadFile?fileId={36521857-270B-C59F-9AFA-85FEA91B592E}', 'Reporte de comentarios': 'https://www.banxico.org.mx/ConsultaRegulacionWeb/downloadFile?fileId={2345E6F7-CC8F-DED9-C664-A9F09C8C7C05}'}"
57,DISPOSICIONES DE CARÁCTER GENERAL EN MATERIA DE MODELOS NOVEDOSOS,Cerrado el 05/06/2019,"{'Plan de consulta': 'https://www.banxico.org.mx/ConsultaRegulacionWeb/downloadFile?fileId={CADA1929-A117-9A66-0471-3AFBFF221B72}', 'Proyecto de disposiciones': 'https://www.banxico.org.mx/ConsultaRegulacionWeb/downloadFile?fileId={683698B4-3A1E-5B85-634F-167731F32D0C}', 'Reporte de comentarios': 'https://www.banxico.org.mx/ConsultaRegulacionWeb/downloadFile?fileId={ED84BA4F-649C-D6C8-0CD8-7F0DFCC70792}'}"
58,DISPOSICIONES DE CARÁCTER GENERAL APLICABLES A LAS INSTITUCIONES DE CRÉDITO E INSTITUCIONES DE TECNOLOGÍA FINANCIERA EN LAS OPERACIONES QUE REALICEN CON ACTIVOS VIRTUALES,Cerrado el 05/06/2019,"{'Plan de consulta': 'https://www.banxico.org.mx/ConsultaRegulacionWeb/downloadFile?fileId={F68980F0-B24A-27B8-79E5-0CDFA311C7B5}', 'Proyecto de disposiciones': 'https://www.banxico.org.mx/ConsultaRegulacionWeb/downloadFile?fileId={FA9AB39E-C67F-6D53-5733-1EBE768AEDEA}', 'Reporte de comentarios': 'https://www.banxico.org.mx/ConsultaRegulacionWeb/downloadFile?fileId={5F74F7BA-ECBE-C2B9-40E7-557BD8626930}'}"
59,"PROYECTO DE DISPOSICIONES QUE MODIFICA LA CIRCULAR 15/2018 Y LA CIRCULAR 3/2012, EN LO CONCERNIENTE AL USO DE REMUNERACIONES Y PRESTACIONES LABORALES COMO RESPALDO DE SERVICIOS FINANCIEROS CONTRATADOS POR TRABAJADORES",Cerrado el 05/03/2019,"{'Plan de consulta': 'https://www.banxico.org.mx/ConsultaRegulacionWeb/downloadFile?fileId={AAF175B8-5584-E86C-4142-D0ADEBD3095D}', 'Proyecto de disposiciones': 'https://www.banxico.org.mx/ConsultaRegulacionWeb/downloadFile?fileId={D92417B0-C121-C142-5E0E-2A8939B7C054}', 'Reporte de comentarios': 'https://www.banxico.org.mx/ConsultaRegulacionWeb/downloadFile?fileId={1FF09942-4410-101C-6357-53EDA1968F33}'}"
60,"PROYECTO DE DISPOSICIONES PARA MODIFICAR LAS CIRCULARES 14/2017, 13/2017 Y 3/2012 PARA EL FUNCIONAMIENTO DE COBRO DIGITAL",Cerrado el 15/01/2019,"{'Plan de consulta': 'https://www.banxico.org.mx/ConsultaRegulacionWeb/downloadFile?fileId={843414DD-0DE9-B4C7-1D12-9B6B50D71818}', 'Proyecto de disposiciones': 'https://www.banxico.org.mx/ConsultaRegulacionWeb/downloadFile?fileId={A1036F68-3752-7C7D-2D64-5CFCD91063FB}', 'Nota conceptual': 'https://www.banxico.org.mx/ConsultaRegulacionWeb/downloadFile?fileId={7C8E9098-FC96-2C70-FA3C-06518E70A87B}'}"
61,PROYECTO DE DISPOSICIONES QUE MODIFICA LAS REGLAS RELATIVAS A LAS OPERACIONES CON TARJETAS DE DÉBITO Y CRÉDITO - SEGUNDA CONSULTA PÚBLICA,Cerrado el 05/09/2018,"{'Plan de consulta': 'https://www.banxico.org.mx/ConsultaRegulacionWeb/downloadFile?fileId={65127623-274A-EB34-B6D4-FE9216C651FC}', 'Proyecto de disposiciones': 'https://www.banxico.org.mx/ConsultaRegulacionWeb/downloadFile?fileId={1A298211-BB12-8D14-6CB1-AF79C680F52A}', 'Reporte de comentarios': 'https://www.banxico.org.mx/ConsultaRegulacionWeb/downloadFile?fileId={23524CB3-C62C-11EF-9CFA-951B09C49E81}'}"
62,PROYECTO DE DISPOSICIONES DE CARÁCTER GENERAL APLICABLES A LAS OPERACIONES DE LAS INSTITUCIONES DE FONDOS DE PAGO ELECTRÓNICO,Cerrado el 29/08/2018,"{'Plan de consulta': 'https://www.banxico.org.mx/ConsultaRegulacionWeb/downloadFile?fileId={71D751C5-498F-58BE-3693-9899D26B46B7}', 'Proyecto de disposiciones': 'https://www.banxico.org.mx/ConsultaRegulacionWeb/downloadFile?fileId={33B5DEF9-BF93-16D9-E650-F713C5FE2033}', 'Reporte de comentarios': 'https://www.banxico.org.mx/ConsultaRegulacionWeb/downloadFile?fileId={2F997651-3956-B3D6-9A6E-0629931C38BE}'}"
63,SEGUNDO PROYECTO DE DISPOSICIONES QUE MODIFICA LAS REGLAS RELACIONADAS CON EL USO DE REMUNERACIONES Y PRESTACIONES LABORALES COMO RESPALDO DE SERVICIOS FINANCIEROS CONTRATADOS POR TRABAJADORES,Cerrado el 27/07/2018,"{'Plan de consulta': 'https://www.banxico.org.mx/ConsultaRegulacionWeb/downloadFile?fileId={0BCFB6E4-131F-41A1-9A88-78352DD4870A}', 'Proyecto de disposiciones': 'https://www.banxico.org.mx/ConsultaRegulacionWeb/downloadFile?fileId={BB8447D9-C20F-6B65-0CE1-48AA7F72D579}', 'Reporte de comentarios': 'https://www.banxico.org.mx/ConsultaRegulacionWeb/downloadFile?fileId={AA983B85-3F7E-4CA0-8C08-6819CA5CC4BC}'}"
64,PROYECTO DE DISPOSICIONES QUE MODIFICA EL RÉGIMEN VIGENTE PARA LA EMISIÓN DE OBLIGACIONES SUBORDINADAS QUE PRETENDAN LLEVAR A CABO LAS INSTITUCIONES DE CRÉDITO,Cerrado el 31/05/2018,"{'Plan de consulta': 'https://www.banxico.org.mx/ConsultaRegulacionWeb/downloadFile?fileId={1C962EF0-D129-6F01-EA49-0D6166CB0D18}', 'Proyecto de disposiciones': 'https://www.banxico.org.mx/ConsultaRegulacionWeb/downloadFile?fileId={C11AFF3E-DA61-A91A-82A0-2FFF405D14EC}', 'Reporte de comentarios': 'https://www.banxico.org.mx/ConsultaRegulacionWeb/downloadFile?fileId={408BBA7D-D9D6-DBAC-B5FD-B2BF00E4EC3D}'}"
65,PROYECTO DE DISPOSICIONES QUE MODIFICA LAS REGLAS RELATIVAS A LAS OPERACIONES CON TARJETAS DE DÉBITO Y CRÉDITO,Cerrado el 23/05/2018,"{'Plan de consulta': 'https://www.banxico.org.mx/ConsultaRegulacionWeb/downloadFile?fileId={B90A4671-D3C9-642B-10FB-4AEFBBD51479}', 'Proyecto de disposiciones': 'https://www.banxico.org.mx/ConsultaRegulacionWeb/downloadFile?fileId={7B690976-12CE-4655-F21A-585687AE4F33}', 'Reporte de comentarios': 'https://www.banxico.org.mx/ConsultaRegulacionWeb/downloadFile?fileId={CE9E2928-5932-641E-D04C-A90814DE2801}'}"
66,PROYECTO DE DISPOSICIONES QUE MODIFICA LAS REGLAS RELACIONADAS CON EL USO DE REMUNERACIONES Y PRESTACIONES LABORALES COMO RESPALDO DE SERVICIOS FINANCIEROS CONTRATADOS POR TRABAJADORES,Cerrado el 30/04/2018,"{'Plan de consulta': 'https://www.banxico.org.mx/ConsultaRegulacionWeb/downloadFile?fileId={E80FAC4D-C6A1-A735-20E8-E14CAAE3FA0E}', 'Proyecto de disposiciones': 'https://www.banxico.org.mx/ConsultaRegulacionWeb/downloadFile?fileId={92193A7B-F0F1-4591-B038-91526C5C3059}', 'Reporte de comentarios': 'https://www.banxico.org.mx/ConsultaRegulacionWeb/downloadFile?fileId={AF86B785-D399-D911-6962-1FC8723B3994}'}"
67,PROYECTO DE DISPOSICIONES RELATIVAS A LAS OPERACIONES CAMBIARIAS POR PAGOS Y RETIROS EN MONEDA EXTRANJERA CON TARJETAS DE DÉBITO Y CRÉDITO,Cerrado el 20/04/2018,"{'Plan de consulta': 'https://www.banxico.org.mx/ConsultaRegulacionWeb/downloadFile?fileId={308E19E0-3CBD-0A42-2723-E233F673A90B}', 'Proyecto de disposiciones': 'https://www.banxico.org.mx/ConsultaRegulacionWeb/downloadFile?fileId={13C1E6FB-F683-193C-8D5B-030828BE9161}', 'Reporte de comentarios': 'https://www.banxico.org.mx/ConsultaRegulacionWeb/downloadFile?fileId={43579090-768C-525A-3375-50F73479F391}'}"
